{
  "Linear": {
    "r2_mean": -0.19216220262153402,
    "r2_std": 0.06611509697425277,
    "rmse_mean": 58.65211015391709,
    "rmse_std": 3.5039691328138294
  },
  "Ridge": {
    "r2_mean": -0.14915557821217967,
    "r2_std": 0.0747740171367607,
    "rmse_mean": 57.55009004118883,
    "rmse_std": 3.077178443992045
  },
  "RandomForest": {
    "r2_mean": 0.8664579499870795,
    "r2_std": 0.08146750594083281,
    "rmse_mean": 18.49083925021109,
    "rmse_std": 5.736512497562711
  },
  "GradientBoosting": {
    "r2_mean": 0.8810316221791726,
    "r2_std": 0.0868691017945576,
    "rmse_mean": 17.04732613685192,
    "rmse_std": 6.112863136114508
  }
}